division,phân công
desktop,máy tính để bàn
contained,chứa
provided,cung cấp
resellers,đại lý
includes,bao gồm
permission,sự cho phép
indexer,người lập chỉ mục
booksellers,người bán sách
book,sách
other,khác
bill,hóa đơn thanh toán
either,hoặc
depicted,miêu tả
contents,nội dung
mentioned,đề cập
should,nên
authors,tác giả
caused,gây ra
books,sách
america,nước mỹ
principal,hiệu trưởng
companies,các công ty
association,sự kết hợp
fax,số fax
nor,cũng không
national,quốc gia
thursday,thứ năm
ebook,sách điện tử
will,sẽ
product,sản phẩm
liable,phải chịu trách nhiệm
body,thân hình
way,đường
contact,tiếp xúc
directly,trực tiếp
code,mã số
computer,máy vi tính
the,các
transmitted,truyền
record,ghi lại
without,không có
acquisitions,mua lại
respective,tương ứng
software,phần mềm
rich,giàu có
technically,về mặt kỹ thuật
malware,phần mềm độc hại
only,chỉ còn
praise,khen
great,tuyệt vời
art,mỹ thuật
who,ai
coverage,phủ sóng
eagle,chim ưng
lab,phòng thí nghiệm
malicious,độc hại
analyze,phân tích
engineering,kỹ thuật
addition,phép cộng
required,cần thiết
real,thực tế
professor,giáo sư
offensive,phản cảm
specific,cụ thể
excellent,thông minh
beginners,người mới bắt đầu
and,và
detection,phát hiện
looking,đang nhìn
most,hầu hết
windows,các cửa sổ
levels,cấp độ
comprehensive,toàn diện
challenges,thách thức
experts,các chuyên gia
creator,người sáng tạo
are,là
hands,tay
intrusion,sự xâm nhập
hacking,hack
author,tác giả
engineer,kĩ sư
this,cái này
one,một
get,mắc phải
brings,mang
deeper,sâu sắc hơn
dino,khủng long
analysis,phân tích
break,phá vỡ
phd,bằng tiến sĩ
chapters,chương
state,trạng thái
senior,người lớn tuổi
students,sinh viên
accessible,có thể truy cập
understanding,sự hiểu biết
independent,sống độc lập
testing,kiểm tra
consultant,tư vấn
school,trường học
security,bảo vệ
into,vào trong
naval,hải quân
course,khóa học
recommend,gợi ý
you,bạn
teaching,giảng bài
explanations,giải thích
essential,thiết yếu
labs,phòng thí nghiệm
crash,tai nạn
detailed,chi tiết
technical,kỹ thuật
wants,muốn
founder,người sáng lập
read,đọc
pen,cái bút
advanced,trình độ cao
methods,phương pháp
basics,điều cơ bản
science,khoa học
skills,kỹ năng
useful,có ích
alike,như nhau
level,cấp độ
practical,thực dụng
graduate,tốt nghiệp
modern,hiện đại
offering,chào bán
understand,hiểu không
contain,lưu trữ
postgraduate,sau đại học
systems,hệ thống
anyone,bất cứ ai
immediate,ngay tức khắc
university,trường đại học
exercises,bài tập
especially,đặc biệt
reverse,đảo ngược
skill,kỹ năng
materials,vật liệu
presented,trình bày
world,thế giới
for,vì
lecturer,giảng viên
dissect,mổ xẻ
introduction,giới thiệu
lead,chì
exposure,phơi bày
computing,tin học
strongly,mạnh mẽ
guide,hướng dẫn
readers,độc giả
all,tất cả các
virtualized,ảo hóa
your,của bạn
untrusted,không tin tưởng
stupid,dốt nát
secure,chắc chắn
described,mô tả
extreme,vô cùng
safe,an toàn
unknown,không xác định
visit,chuyến thăm
chapter,chương
warning,cảnh báo
hints,gợi ý
links,liên kết
creating,sáng tạo
about,về
executing,thực thi
environment,môi trường
exercise,bài tập
visiting,thăm viếng
don,giảng viên đại học
when,khi nào
caution,thận trọng
urls,url
dissecting,mổ xẻ
liability,trách nhiệm pháp lý
preparation,sự chuẩn bị
from,từ
recording,ghi âm
nostarch,không có tinh bột
has,có
damage,hư hại
editorial,biên tập
illustration,hình minh họa
copyright,bản quyền
trademarked,đã đăng ký nhãn hiệu
benefit,ích lợi
loss,sự mất mát
work,công việc
than,hơn
owners,những chủ sở hữu
rather,hơn là
publication,sự xuất bản
every,mỗi
their,của chúng
data,dữ liệu
rights,quyền
alleged,bị cáo buộc
law,pháp luật
registered,đăng ký
starch,tinh bột
proofreader,người đọc lại
including,kể cả
mechanical,cơ khí
company,công ty
developmental,phát triển
using,sử dụng
distributed,phân phối
octopod,bạch tuộc
occurrence,tần suất xảy ra
publisher,nhà xuất bản
owner,chủ nhân
have,có
taken,lấy
reproduced,tái sản xuất
form,biểu mẫu
basis,nền tảng
respect,kính trọng
trademark,nhãn hiệu
warranty,sự bảo đảm
herein,ở đây
use,sử dụng
person,người
with,với
part,phần
phone,điện thoại
entity,thực thể
interior,nội địa
cover,che
reviewer,người đánh giá
compositor,nhà soạn nhạc
editor,biên tập viên
photocopying,photocopy
press,nhấn
design,thiết kế
been,đã
written,bằng văn bản
info,thông tin
may,thông tin
storage,kho
electronic,điện tử
street,đường phố
congress,hội nghị
shall,nên
copyeditor,người sao chép
infringement,sự vi phạm
any,không tí nào
retrieval,thu hồi
names,tên
precaution,đề phòng
symbol,biểu tượng
library,thư viện
means,có nghĩa
cataloging,danh mục
system,hệ thống
production,sản lượng
intention,chủ đích
prior,trước
reserved,để dành
while,trong khi
editors,biên tập viên
translations,bản dịch
catalog,mục lục
information,thông tin
neither,cũng không
smith,thợ rèn
available,có sẵn
trademarks,thương hiệu
fashion,thời trang
distributors,nhà phân phối
indirectly,gián tiếp
name,tên
please,xin vui lòng
foreword,lời tựa
techniques,kỹ thuật
dynamic,năng động
acknowledgments,sự nhìn nhận
primer,lót
programs,chương trình
debugging,gỡ lỗi
basic,nền tảng
assembly,hội,, tổ hợp
analyzing,phân tích
machines,máy móc
virtual,ảo
static,tĩnh
disassembly,tháo gỡ
recognizing,công nhận
constructs,xây dựng
tools,công cụ
bit,chút
solutions,các giải pháp
encoding,mã hóa
special,đặc biệt
network,mạng
machine,máy móc
functionality,chức năng
important,quan trọng
launching,ra mắt
signatures,chữ ký
index,mục lục
behavior,hành vi
appendix,ruột thừa
focused,tập trung
brief,ngắn gọn
anti,chống
unpacking,giải nén
topics,chủ đề
functions,chức năng
covert,che giấu
what,cái gì
rules,quy tắc
scanning,quét
learning,học hỏi
portable,cầm tay
contributing,đóng góp
finding,phát hiện
packing,đóng gói
first,đầu tiên
types,loại
fingerprint,vân tay
executable,thực thi
obfuscated,bị che khuất
linked,liên kết
libraries,thư viện
antivirus,chống vi -rút
thanks,cảm ơn
format,định dạng
linking,liên kết
strings,dây
packed,đóng gói
detecting,phát hiện
goals,bàn thắng
runtime,thời gian chạy
file,tập tin
prerequisites,điều kiện tiên quyết
step,bước chân
individual,cá nhân
hashing,băm
files,các tập tin
general,chung
running,chạy bộ
sandboxes,hộp cát
conclusion,phần kết luận
dead,đã chết
dynamically,động
processes,quá trình
disconnecting,ngắt kết nối
connecting,đang kết nối
peripheral,ngoại vi
filtering,lọc
devices,thiết bị
sections,phần.
process,tiến trình
unpacked,giải nén
potentialkeylog,tiềm năngkeylog
viewing,xem
snapshots,ảnh chụp nhanh
examining,kiểm tra
registry,đăng ký
header,tiêu đề.
replay,phát lại
exported,xuất khẩu
summary,tóm lược
explorer,nhà thám hiểm
drawbacks,hạn chế
display,trưng bày
quick,nhanh chóng
detail,chi tiết
imported,nhập khẩu
verify,xác minh
dirty,dơ bẩn
taking,đang lấy
sandbox,hộp cát
headers,tiêu đề
end,chấm dứt
hacker,tin tặc
documents,các tài liệu
risks,rủi ro
practice,luyện tập
option,lựa chọn
comparing,so sánh
monitor,màn hình
section,tiết diện
exploring,khám phá
configuring,cấu hình
transferring,chuyển giao
resource,nguồn
structure,cấu trúc
monitoring,giám sát
approach,cách tiếp cận
dependency,sự phụ thuộc
returning,trở lại
graphing,đồ thị
window,cửa sổ
offsets,bù đắp
default,mặc định
sniffing,đánh hơi
options,tùy chọn
main,chủ yếu
abstraction,trừu tượng hóa
conditionals,điều kiện
more,hơn
packet,gói
stack,cây rơm
memory,ký ức
cross,gạch chéo
rep,trả lời
simple,giản dị
navigating,điều hướng
interface,giao diện
architecture,ngành kiến ​​​​trúc
instructions,hướng dẫn
view,lượt xem
method,phương pháp
modes,chế độ
branching,phân nhánh
loading,đang tải
faking,giả mạo
operands,toán hạng
searching,đang tìm kiếm
manuals,hướng dẫn sử dụng
registers,đăng ký
references,người giới thiệu
keys,chìa khóa
push,xô
locations,địa điểm
automatically,tự động
notation,ký hiệu
arithmetic,môn số học
nested,lồng nhau
table,bàn
conventions,quy ước
local,địa phương
renaming,đổi tên
scripts,kịch bản
identifying,xác định
plug,phích cắm
enhancing,nâng cao
commercial,thương mại
hungarian,người hungary
statements,các câu lệnh
idapython,idaccothon
named,được đặt tên
redefining,xác định lại
variables,biến
traversal,đi ngang qua
arrays,mảng
jump,nhảy
list,danh sách
structs,cấu trúc
extending,mở rộng
disassembling,tháo rời
move,di chuyển
common,phổ thông
that,điều đó
graphically,đồ họa
formatting,định dạng
global,toàn cầu
operations,hoạt động
function,hàm số
loops,vòng lặp
comments,bình luận
style,phong cách
handles,tay cầm
call,gọi điện
run,chạy
constants,hằng số
switch,công tắc điện
root,nguồn gốc
second,thứ hai
scripting,kịch bản
program,chương trình
dlls,dll
chance,cơ hội
interprocess,trình bày tỏ
attaching,gắn kết
single,độc thân
over,kết thúc
map,bản đồ
object,vật
coordination,sự phối hợp
sockets,ổ cắm
things,đồ đạc
opening,khai mạc
stepping,bước
component,thành phần
pausing,tạm dừng
sides,hai bên
modifying,sửa đổi
source,nguồn
client,khách hàng
compatible,tương thích
stacks,ngăn xếp
server,máy chủ
threads,chủ đề
native,tự nhiên
mode,cách thức
model,mô hình
following,tiếp theo
exceptions,ngoại lệ
debugger,trình gỡ lỗi
wrong,sai lầm
execution,chấp hành
user,người dùng
services,dịch vụ
breakpoints,điểm dừng
networking,kết nối mạng
apis,api
setting,thiết lập
interrupts,làm gián đoạn
objects,các đối tượng
standard,tiêu chuẩn
listing,liệt kê
exception,ngoại lệ
poison,chất độc
drivers,trình điều khiển
driver,người lái xe
bookmarks,dấu trang
patching,vá lỗi
conditional,có điều kiện
features,tính năng, đặc điểm
operators,người vận hành
versions,phiên bản
line,đường kẻ
symbols,biểu tượng
tracing,truy tìm
hardware,phần cứng
assistance,sự giúp đỡ
space,khoảng trống
trace,dấu vết
scriptable,có thể viết kịch bản
hide,trốn
command,yêu cầu
reading,đọc hiểu
modules,mô -đun
back,mặt sau
handling,sự điều khiển
issues,vấn đề
order,gọi món
privilege,đặc quyền
stealers,người đánh cắp
compared,so
load,trọng tải
covering,bao phủ
injection,mũi tiêm
tracks,đường đua
replacement,thay thế
hijacking,chiếm quyền điều khiển
persistence,sự kiên trì
escalation,leo thang
detours,đường vòng
launchers,bệ phóng
inline,nội tuyến
dumping,bán phá giá
hash,băm
interception,đánh chặn
downloaders,người tải xuống
credential,chứng chỉ
direct,trực tiếp
mechanisms,cơ chế
hooks,móc
targeting,nhắm mục tiêu
remote,xa xôi
botnets,botnet
hook,cái móc
hooking,móc nối
logging,đăng nhập
its,nó là
rats,chuột
thread,chủ đề
binaries,nhị phân
shell,vỏ bọc
backdoors,backdody
combining,kết hợp
observing,quan sát
cipher,mật mã
cryptographic,mật mã
investigate,điều tra
look,nhìn
tactics,chiến thuật
steps,các bước
knowing,biết
perspective,góc nhìn cá nhân
leveraging,tận dụng
coded,mã hóa
custom,tập quán
generic,chung
ephemeral,không lâu
sources,nguồn
decoding,giải mã
programming,lập trình
advantages,thuận lợi
content,các nội dung
danger,sự nguy hiểm
sight,thị giác
natural,thiên nhiên
indications,chỉ định
attacker,kẻ tấn công
signature,chữ ký
countermeasures,biện pháp đối phó
hard,cứng
elements,các yếu tố
entropy,sự hỗn loạn
imports,nhập khẩu
goal,ghi bàn
decryption,giải mã
parsing,phân tích cú pháp
address,địa chỉ
overanalysis,quá mức
plain,trơn
schemes,đề án
multiple,nhiều
algorithms,thuật toán
habitat,môi trường sống
based,dựa trên
safely,an toàn
instrumentation,thiết bị đo đạc
getting,nhận
high,cao
hiding,trốn
activity,hoạt động
ciphers,mật mã
domain,miền
online,trực tuyến
indirection,không định hướng
base,căn cứ
surrounding,bao quanh
routines,thói quen
self,bản thân
snort,khịt mũi
manual,thủ công
pointer,con trỏ
residue,phần còn lại
structures,cấu trúc
abuse,lạm dụng
vulnerability,lỗ hổng
vulnerabilities,lỗ hổng
condition,điều kiện
structured,cấu trúc
missing,còn thiếu
artifact,cổ vật
checks,séc
thwarting,cản trở
handlers,người xử lý
defeating,đánh bại
same,giống nhau
obscuring,che khuất
control,điều khiển
linear,tuyến tính
return,trở về
adding,thêm
artifacts,đồ tạo tác
frame,khung
checksums,tổng kiểm tra
performing,biểu diễn
out,ngoài
flow,lưu lượng
oriented,định hướng
target,mục tiêu
bypassing,bỏ qua
misusing,lạm dụng
problem,vấn đề
manually,bằng tay
instruction,hướng dẫn
inserting,chèn
checking,kiểm tra
constant,liên tục
callbacks,gọi lại
timing,thời gian
interfering,can thiệp
impossible,không thể nào
port,hải cảng
resolving,giải quyết
tips,lời khuyên
petite,nhỏ nhắn
calculation,phép tính
communication,truyền thông
querying,truy vấn
red,màu đỏ
technique,kỹ thuật
escaping,trốn thoát
import,nhập khẩu
tricks,thủ thuật
settings,cài đặt
automated,tự động
repairing,sửa chữa
stub,sơ khai
upx,bpx
illustrated,minh họa
rebuilding,xây dựng lại
vulnerable,dễ bị tổn thương
pill,viên thuốc
fully,đầy đủ
anatomy,giải phẫu học
reconstructor,người xây dựng lại
highlighting,làm nổi bật
tweaking,điều chỉnh
tail,đuôi
indicators,chỉ số
overloading,quá tải
encodings,mã hóa
convention,quy ước
calling,gọi
mangling,xử lý
why,tại sao
sleds,xe trượt tuyết
differences,sự khác biệt
destroying,phá hủy
pop,nhạc pop
example,ví dụ
overriding,ghi đè
nonvirtual,không mặc
full,đầy
export,xuất khẩu
usage,cách sử dụng
position,chức vụ
inheritance,di sản
resolution,nghị quyết
location,địa điểm
hello,xin chào
hashed,băm
awards,giải thưởng
specialized,chuyên nghành
variety,đa dạng
penetration,thâm nhập
teaches,dạy
zero,số không
black,đen
invention,phát minh
day,ngày
cryptologic,mật mã
laboratory,phòng thí nghiệm
non,không
defense,phòng thủ
expert,chuyên gia
response,phản ứng
three,số ba
publicly,công khai
analyst,nhà phân tích
products,mỹ phẩm
series,hàng loạt
both,cả hai
investigations,điều tra
exploits,khai thác
federal,liên bang
engineers,kỹ sư
performed,thực hiện
development,sự phát triển
research,tìm kiếm
where,ở đâu
passive,thụ động
professional,chuyên nghiệp
several,một số
virtualization,ảo hóa
received,nhận
hat,hat.
years,năm
experi,kinh nghiệm
them,họ
interdis,xen kẽ
audiences,khán giả
certified,được chứng nhận
industry,ngành công nghiệp
contributed,đóng góp
developed,đã phát triển
assurance,sự đảm bảo
incident,sự cố
department,phòng ban
also,mà còn
year,năm
created,tạo
cred,tín dụng
provides,cung cấp
support,ủng hộ
field,đồng ruộng
courses,khóa học
innovative,sáng tạo
mapping,lập bản đồ
came,đã đến
seasoned,dày dạn
such,như là
nick,nick.
navy,hải quân
role,vai diễn
business,kinh doanh
bachelor,cử nhân
veteran,cựu chiến binh
informa,thông tin
primary,sơ cấp
mission,sứ mệnh
led,dẫn đến
discovered,đã phát hiện
range,phạm vi
worked,đã làm việc
consulting,tư vấn
small,nhỏ
nothing,không có gì
member,thành viên
career,sự nghiệp
life,sự sống
but,nhưng
team,đội
numerous,nhiều
previously,trước đây
helped,đã giúp
office,văn phòng
actively,tích cực
harbour,hải cảng
executive,điều hành
create,tạo ra
primarily,chủ yếu
clients,khách hàng
forensic,pháp y
ongoing,đang diễn ra
last,cuối cùng
working,làm việc
his,của anh ấy
began,đã bắt đầu
researcher,nhà nghiên cứu
assisting,hỗ trợ
emphasis,nhấn mạnh
exploitation,khai thác
ate,ăn
oper,vận hành
talk,nói chuyện
efforts,nỗ lực
lack,thiếu
tion,sự
center,trung tâm
master,bậc thầy
many,nhiều
president,chủ tịch
international,quốc tế
affecting,ảnh hưởng đến
cable,cáp
responses,phản hồi
was,là
joining,tham gia
izes,ize
degree,bằng
twelve,mười hai
forensics,pháp y
held,cầm
not,không phải
six,sáu
specializing,chuyên môn
fortune,vận may
developer,nhà phát triển
positions,vị trí
assisted,hỗ trợ
examiner,giám khảo
devel,sự phát triển
had,có
ware,đồ
tech,công nghệ
profile,hồ sơ
simulator,giả lập
firm,chắc chắn
experience,trải qua
wireless,không dây
director,giám đốc
hosting,lưu trữ
seven,bảy
teacher,cô giáo
electrical,điện
holds,giữ
allowed,cho phép
times,lần
topic,chủ đề
army,quân đội
intrusions,xâm nhập
along,dọc theo
metric,hệ mét
probably,có thể
counted,tính
directories,thư mục
sample,mẫu vật
attended,tham dự
samples,mẫu
moment,khoảng khăc
something,thứ gì đó
areas,khu vực
text,bản văn
ask,hỏi
during,suốt trong
breath,hơi thở
weapon,vũ khí
according,theo
total,toàn bộ
might,có thể
pedestrian,đi bộ
published,được phát hành
how,thế nào
above,bên trên
accounting,kế toán
few,một vài
articles,bài viết
truly,quả thật
targeted,nhắm mục tiêu
keynote,chủ đạo
size,kích thước
asymmetric,không đối xứng
those,những thứ kia
informit,thông tin
explained,giải thích
digital,điện tử
mudge,mude
involving,liên quan
summer,mùa hè
average,trung bình
seem,có vẻ
set,đặt
highly,rất nhiều
included,bao gồm
nature,thiên nhiên
hold,tổ chức
lines,dòng
analyzed,phân tích
like,như
leaving,rời đi
article,điều
therefore,vì thế
ized,đã bị đánh bại
operat,vận hành
argue,tranh cãi
defensive,phòng ngự
introduced,được giới thiệu
fewer,ít hơn
low,thấp
nimble,nhanh nhẹn
appear,hiện ra
knows,biết
presum,giả định
vendors,nhà cung cấp
imagine,tưởng tượng
revise,ôn lại
downward,đi xuống
straightforward,đơn giản.
write,viết
bringing,đưa
they,họ
ratios,tỷ lệ
lot,rất nhiều
capture,chiếm lấy
infrastructure,cơ sở hạ tầng
intercept,đánh chặn
least,ít nhất
firepower,hỏa lực
summarize,tóm tắt
nifty,tiện lợi
brutalized,tàn bạo
cited,trích dẫn
math,môn toán
forget,quên đi
whole,trọn
far,xa
seemed,dường như
count,đếm
let,cho phép
number,con số
very,hết sức
point,chỉ
play,chơi
our,của chúng ta
repository,kho
legitimate,hợp pháp
ratio,tỉ lệ
applications,các ứng dụng
stop,các ứng dụng
tool,dụng cụ
subvert,lật đổ
effort,cố gắng
definitions,định nghĩa
application,ứng dụng
meant,có nghĩa là
capable,có khả năng
bleak,ảm đạm
different,khác nhau
bastion,pháo đài
looks,nhìn
estimate,ước lượng
there,ở đó
improve,cải thiện
see,xem
then,sau đó
situation,tình huống
obstacle,trở ngại
efficient,có hiệu quả
words,từ ngữ
much,nhiều
consider,coi như
thinking,suy nghĩ
found,tìm
relatively,tương đối
speaking,nói
million,triệu
analysts,các nhà phân tích
thousands,hàng ngàn
produced,sản xuất
easier,dễ dàng hơn
suite,thượng hạng
sporting,thể thao
built,được xây dựng
simplify,đơn giản hóa
intruders,kẻ xâm nhập
counts,đếm
fairly,công bằng
rejoice,hân hoan
take,lấy
even,thậm chí
tree,cây
used,đã sử dụng
counting,đếm
latest,muộn nhất
leader,lãnh đạo
swap,tráo đổi
make,làm
doesn,không
answer,trả lời
could,có thể
page,trang
defenders,người bảo vệ
defender,hậu vệ
expend,chi tiêu
because,tại vì
now,hiện nay
etc,vân vân
outgunned,bị loại
can,có thể
producing,sản xuất
opportunity,cơ hội
redefine,xác định lại
little,nhỏ bé
sort,loại
exist,hiện hữu
defeat,đánh bại
browse,duyệt
fact,thực tế
abusing,lạm dụng
operating,điều hành
seems,có vẻ như
yields,năng suất
reasonably,hợp lý
some,một vài
costs,chi phí
arts,nghệ thuật
extra,thêm
virus,vi-rút
here,đây
provide,cung cấp
place,nơi
researchers,các nhà nghiên cứu
less,ít hơn
asymmetries,bất đối xứng
works,làm
mate,bạn
risk,rủi ro
apparent,rõ ràng
worrying,lo lắng
critical,phê bình
hundreds,hàng trăm
practitioner,người hành nghề
detect,phát hiện
asked,yêu cầu
settle,ổn định
investiga,điều tra
projects,dự án
mile,dặm
portion,phần
going,đang đi
front,đằng trước
despair,tuyệt vọng
mentor,người hướng dẫn
knowledge,kiến thức
theorized,lý thuyết
themselves,chúng tôi
rently,rily
area,khu vực
applied,áp dụng
isolated,bị cô lập
daunting,đáng ngại
ready,sẵn sàng
fight,đánh nhau
question,câu hỏi
edge,cạnh
handy,tiện dụng
think,nghĩ
pet,thú cưng
decided,quyết định
right,đúng
thereby,bằng cách ấy
essentially,bản chất
tome,với tôi
whom,ai
instead,thay thế
called,triệu tập
glad,vui mừng
really,thật sự
short,ngắn
need,nhu cầu
dark,tối
does,làm
however,tuy nhiên
enjoy,vui thích
each,mỗi
bought,mua
know,biết rôi
reduce,giảm
officer,nhân viên văn phòng
additional,thêm vào
yet,chưa
exposing,phơi bày
advice,khuyên bảo
find,tìm thấy
reason,lý do
able,có thể
assign,giao phó
armed,vũ trang
thousand,ngàn
january,tháng một
say,nói
although,mặc du
these,này
facing,phải đối mặt
chief,trưởng phòng
tens,hàng chục
intermediate,trung gian
respond,trả lời
dealing,xử lý
introductory,giới thiệu
sunlight,ánh sáng mặt trời
task,nhiệm vụ
fine,tốt
net,mạng
realms,vương quốc
rule,luật lệ
answers,câu trả lời
cur,hay gây
sophail,học sinh
keep,giữ
takes,nhận
sized,có kích thước
enterprise,doanh nghiệp
millions,hàng triệu
better,tốt hơn
benefited,được hưởng lợi
piece,cái, miếng
alone,một mình
examples,ví dụ
two,hai
park,công viên
incredible,đáng kinh ngạc
extracted,trích xuất
trying,cố gắng
questions,câu hỏi
significant,có ý nghĩa
opponent,phản đối
gems,đá quý
higher,cao hơn
wrote,đã viết
papers,giấy tờ
scrutinize,xem xét kỹ lưỡng
waiting,chờ
showing,hiển thị
manifests,biểu hiện
next,kế tiếp
ensuring,đảm bảo
raises,tăng
enter,đi vào
determine,quyết tâm
beginner,người bắt đầu
greatly,rất nhiều
consists,bao gồm
expertise,chuyên môn
guy,chàng trai
else,khác
best,tốt nhất
contrib,đóng góp
family,gia đình
summersett,mùa hè
reviewed,được xem xét
loving,thương
handedly,tay
having,đang có
couldn,không thể
done,xong
uting,utting
thank,cám ơn
supportive,hỗ trợ
dedicate,dâng hiến
everyone,tất cả mọi người
being,hiện tại
were,là
explanation,giải trình
days,ngày
telling,nói
idea,ý tưởng
hole,hố
sure,chắc chắn
sitive,khó
guys,các bạn
again,lần nữa
attempt,nỗ lực
tell,noi
hosts,chủ nhà
infected,bị lây nhiễm
horse,con ngựa
management,ban quản lý
scan,quét
upper,phía trên
enough,đầy đủ
clearly,thông suốt
detec,defec
ids,id
later,một lát sau
providing,cung cấp
involved,có liên quan
kind,tốt bụng
hacked,hack
detects,phát hiện
customers,khách hàng
attack,tấn công
clean,dọn dẹp
failed,thất bại
rings,nhẫn
lucky,may mắn
delete,xóa bỏ
demands,yêu cầu
ensure,chắc chắn
investigation,cuộc điều tra
stolen,ăn cắp
threat,nguy cơ
catch,nắm lấy
begin,bắt đầu
isn,không phải là
happened,đã xảy ra
attackers,kẻ tấn công
sensitive,nhạy cảm
logs,nhật ký
isolate,cô lập
happen,xảy ra
lame,què
patch,vá
identify,nhận dạng
viruses,virus
eliminate,loại bỏ
deleted,đã xóa
just,chỉ cần
plays,vở kịch
well,ổn
shortage,sự thiếu
inate,bẩm sinh
throughout,xuyên suốt
copy,sao chép
skilled,có kỹ năng
discussing,thảo luận
horses,ngựa
executables,execlables
avoid,ngăn ngừa
worms,giun
since,từ
causes,nguyên nhân
outside,ở ngoài
incidents,sự cố
responds,trả lời
discuss,bàn luận
package,bưu kiện
learn,học
teach,dạy bảo
show,thể hiện
serious,nghiêm trọng
difficult,khó
elim,loại bỏ
consultants,tư vấn
disposal,xử lý
job,công việc
background,lai lịch
fortunately,may mắn thay
said,nói
entire,toàn bộ
triage,ba lần
demand,yêu cầu
today,hôm nay
dive,lặn
smart,thông minh
time,thời gian
effective,có hiệu lực
core,cốt lõi
own,sở hữu
wild,hoang dại
boss,ông chủ
incarnations,hóa thân
scareware,phần mềm sợ hãi
encounter,gặp gỡ
chosen,chọn
regardless,bất kể
considered,được xem xét
pick,nhặt
exactly,một cách chính xác
expensive,đắt tiền
protect,bảo vệ
harm,làm hại
professionals,chuyên gia
grams,gram
perform,trình diễn
various,đa dạng
focus,tập trung
through,bởi vì
threats,các mối đe dọa
deep,sâu
hire,thuê
once,một lần
spyware,phần mềm gián điệp
sorts,loại
encountered,đã gặp
serve,giao banh
expose,phơi ra
which,cái mà
gather,tập trung
challenge,thách đấu
frustrating,làm nản lòng
needed,cần thiết
lecture,bài học
filenames,tên tệp
easiest,dễ nhất
unrelated,không liên quan
major,lớn lao
particular,riêng
scenarios,kịch bản
extensive,rộng rãi
taught,dạy
concepts,các khái niệm
demonstrate,chứng tỏ
allow,cho phép
nearly,gần
utilizing,sử dụng
classes,các lớp học
start,khởi đầu
covers,bao gồm
overwhelming,áp đảo
strategies,chiến lược
downloaded,tải xuống
complete,hoàn thành
reinforce,củng cố
simulate,mô phỏng
moderately,vừa phải
arm,cánh tay
material,vật chất
realistic,thực tế
yourself,bản thân bạn
insight,cái nhìn sâu sắc
functional,chức năng
change,thay đổi
sophisticated,tinh vi
learned,đã học
try,thử
clues,manh mối
figure,nhân vật
third,ngày thứ ba
amount,số lượng
generally,nói chung là
depend,lệ thuộc
require,yêu cầu
help,cứu giúp
adept,lão luyện
designed,được thiết kế
waste,rác thải
practicalmalwar,thực hànhmalwar
follow,theo dõi
quality,phẩm chất
download,tải xuống
necessary,cần thiết
easy,dễ dàng
ceeds,ceds
language,ngôn ngữ
traffic,giao thông
establishes,thiết lập
unsophisticated,không phức tạp
par,mệnh
explains,giải thích
encode,mã hóa
describes,mô tả
harder,khó hơn
wide,rộng
ways,cách
demonstrates,trình diễn
another,nữa
walks,đi bộ
class,lớp
activities,các hoạt động
within,ở trong
increasingly,ngày càng
begins,bắt đầu
recognize,nhận ra
overall,tổng thể
depth,chiều sâu
tackle,giải quyết
discusses,thảo luận
stealthy,lén lút
methodology,phương pháp
popular,phổ biến
remainder,phần còn lại
shows,trình diễn
foundation,nền tảng
host,chủ nhà
victim,nạn nhân
complicated,phức tạp
bypass,đường vòng
lists,danh sách
captured,bị bắt
complex,tổ hợp
instructs,hướng dẫn
signa,dấu hiệu
outperform,vượt trội hơn
finished,đã kết thúc
true,thành thật
ordinary,bình thường
overcome,khắc phục
compiled,biên soạn
disassemble,tháo rời
purpose,mục đích
ones,những người
briefly,tóm tắt
enigmatic,bí ẩn
presents,quà tặng
made,thực hiện
quickly,nhanh chóng
differ,khác nhau
debug,gỡ lỗi
uses,sử dụng
between,ở giữa
started,đã bắt đầu
commonly,thông thường
suspect,nghi ngờ
employ,thuê
mon,thứ hai
introduce,giới thiệu
detriment,gây bất lợi
choice,sự lựa chọn
specifics,cụ thể
forms,các hình thức
terminology,thuật ngữ
located,nằm
measure,đo lường
define,định nghĩa
approaches,cách tiếp cận
appears,xuất hiện
suspected,nghi ngờ
deter,răn đe
binary,nhị phân
before,trước
typically,tiêu biểu
usually,thông thường
mine,của tôi
fundamental,cơ bản
modified,sửa đổi
revealing,để lộ
disk,đĩa
whether,liệu
characteristics,đặc trưng
actual,thật sự
produce,sản xuất
study,học
confirm,xác nhận
sometimes,thỉnh thoảng
must,cần phải
infections,nhiễm trùng
computers,máy tính
infection,sự nhiễm trùng
makes,làm cho
often,thường
readable,có thể đọc được
against,chống lại
capabilities,khả năng
human,nhân loại
largely,phần lớn
changes,thay đổi
sense,giác quan
miss,cô
want,muốn
false,sai
obtaining,có được
itself,chinh no
after,sau
picture,bức ảnh
objective,mục tiêu
won,thắng
unlike,không giống
man,đàn ông
final,cuối cùng
behaviors,hành vi cư xử
observ,quan sát
remove,tẩy
positives,tích cực
further,thêm nữa
ineffective,không hiệu quả
develop,phát triển, xây dựng
categorized,phân loại
involve,liên quan
involves,liên quan
rate,tỷ lệ
mation,giao phối
internals,nội bộ
backdoor,cửa sau
completely,hoàn toàn
steeper,dốc hơn
execute,hành hình
authentication,xác thực
curve,đường cong
extract,trích xuất
educated,được giáo dục
receive,nhận
discover,phát hiện
requires,đòi hỏi
installs,cài đặt
tells,nói
onto,trên
installed,cài đặt
exists,tồn tại
connect,kết nối
similar,giống
allows,cho phép
hypotheses,các giả thuyết
kinds,loại
internal,nội bộ
categories,thể loại
people,mọi người
falls,ngã
downloader,người tải xuống
gain,thu được
access,truy cập
commands,lệnh
making,làm
confirming,xác nhận
speed,tốc độ
obtain,vẫn tồn tại
install,tải về
examine,nghiên cứu
executed,thực thi
guesses,đoán
together,cùng với nhau
worm,sâu
collects,thu thập
users,người dùng
frighten,hoảng sợ
spans,phạm vi
generates,tạo ra
paired,ghép đôi
infect,lây nhiễm
stealing,ăn cắp.
shotgun,súng ngắn
email,e-mail
allowing,cho phép
banking,ngân hàng
launch,phóng
objectives,mục tiêu
tailored,được điều chỉnh
existence,sự tồn tại
buy,mua
too,quá
covered,đề cập
sniffers,người đánh hơi
widespread,phổ biến rộng rãi
include,bao gồm
passwords,mật khẩu
bigger,to hơn
conceal,che giấu
spam,thư rác
classifying,phân loại
mass,đa số
networks,mạng
possible,có thể được
organization,cơ quan
income,thu nhập
classified,phân loại
grabbers,lấy
sends,gửi
selling,bán
greater,lớn hơn
reality,thực tế
caught,bắt
defend,phòng vệ
sending,gửi
targets,mục tiêu
affect,ảnh hưởng
stealth,tàng hình
send,gửi
buying,mua
informs,thông báo
accounts,tài khoản
rid,thoát khỏi
infects,lây nhiễm
password,mật khẩu mở khóa
nontraditional,phi truyền thống
sell,bán
overlapping,qua nối chồng
details,thông tin chi tiết
spend,tiêu
key,chìa khóa
mind,quan tâm
cat,con mèo
remember,nhớ
new,mới
mouse,con chuột
succeed,thành công
possibly,có khả năng
issue,phát hành
large,lớn
luck,may mắn
weeds,cỏ dại
stuck,mắc kẹt
long,dài
thing,điều
angle,góc
finally,cuối cùng
jobs,việc làm
thwart,cản trở
overview,tổng quat
finish,hoàn thành
game,trò chơi
maliciousness,sự độc hại
exploration,thăm dò
gleaning,lượm lặt
studying,học tập
hashes,băm
contrast,tương phản
runs,chạy
analyz,phân tích
actually,thực ra
mainly,chủ yếu
modify,biến đổi
known,được biết đến
good,tốt
rely,phụ thuộc
identifies,xác định
identifiable,có thể nhận dạng được
comes,đến
bypassed,bỏ qua
database,cơ sở dữ liệu
message,tin nhắn
digest,tiêu
changing,thay đổi
would,sẽ
suspicious,khả nghi
simply,đơn giản
behavioral,hành vi
follows,theo sau
already,đã sẵn sàng
prospective,tiềm năng
avail,tận dụng
certainly,chắc chắn
algorithm,thuật toán
generate,phát ra
uniquely,độc nhất
marked,đánh dấu
upload,tải lên
writers,nhà văn
output,đầu ra
report,báo cáo
pieces,miếng
matching,phù hợp
goes,đi
calculator,máy tính
shown,cho xem
undetected,không bị phát hiện
label,nhãn
evading,trốn tránh
websites,trang web
calculate,tính toán
rare,hiếm
freely,tự do
heuristics,heuristic
produces,sản xuất
perfect,hoàn hảo
pattern,họa tiết
search,tìm kiếm
scanners,máy quét
though,tuy nhiên
easily,một cách dễ dàng
share,đăng lại
unique,độc nhất
successful,thành công
engines,động cơ
identified,xác định
prints,bản in
representa,đại diện
letter,lá thư
null,vô giá trị
describe,diễn tả
formats,định dạng
stored,lưu trữ
bytes,byte
string,sợi dây
row,hàng ngang
copies,bản sao
capital,thủ đô
contains,chứa
represents,đại diện
sequences,trình tự
term,kỳ hạn
accessed,truy cập
slightly,không đáng kể
indicate,biểu thị
characters,nhân vật
represented,đại diện
connects,kết nối
note,ghi chú
standards,tiêu chuẩn
per,mỗi
referring,giới thiệu
varies,thay đổi
store,cửa hàng
character,tính cách
refer,tham khảo
bad,tồi tệ
terminator,kẻ hủy diệt
sequence,sự phối hợp
representation,đại diện
implementation,thực hiện
accesses,truy cập
correspond,trao đổi thư tín
finds,tìm thấy
termination,chấm dứt
cutable,có thể dễ dàng
interpret,thông dịch
mail,thư
likely,rất có thể
subsequent,tiếp theo
graphics,đồ họa
messages,tin nhắn
among,ở giữa
represent,đại diện
obvious,rõ ràng
detected,phát hiện
filter,lọc
reveals,tiết lộ
link,liên kết
obtained,thu được
ignores,bỏ qua
across,băng qua
dows,hàng hóa
sent,đã gửi
context,bối cảnh
hand,tay
meaningful,có ý nghĩa
bold,in đậm
meaningless,vô nghĩa
result,kết quả
ignored,làm ngơ
shared,chia sẻ
leaves,lá
excerpt,trích đoạn
type,gõ phím
followed,theo sau
win,thắng lợi
error,lỗi
normally,thông thường
searches,tìm kiếm
invalid,không hợp lệ
throw,ném
severely,tàn khốc
attempts,nỗ lực
statically,theo nguyên tắc
almost,gần như
associated,có liên quan
left,trái
dissected,mổ xẻ
depends,phụ thuộc
attempted,đã cố gắng
subset,tập hợp con
upon,trên
necessarily,nhất thiết
visible,có thể nhìn thấy
compressed,nén
suggesting,đề xuất
limit,giới hạn
original,nguyên bản
check,kiểm tra
whose,ai
suggests,gợi ý
loadlibrary,thư viện
always,luôn luôn
wrapper,vỏ bánh
subject,môn học
decompress,giải nén
fig,quả sung
execut,thực thi
invisible,vô hình
discussed,thảo luận
compiler,trình biên dịch
unpack,giải nén
version,phiên bản
exe,exe.
deserves,xứng đáng
reveal,bộc lộ
still,vẫn
regard,về
cases,các trường hợp
build,xây dựng
input,đầu vào
buffer,đệm
april,tháng tư
employed,làm việc
overflow,tràn ra
ignore,làm lơ
pack,đóng gói
clever,thông minh
discontinued,đã ngừng
sourceforge,nguồn
arbitrary,bất kỳ
ties,mối quan hệ
orig,nguồn gốc
mention,đề cập đến
reported,báo cáo
vulnerabili,viễnu
exploit,khai thác
writer,nhà văn
certain,chắc chắn
manage,quản lý
legacy,di sản
value,giá trị
entiate,entiat
unpopular,không phổ biến
copied,đã sao chép
loaded,nạp vào
programmers,lập trình viên
requirements,yêu cầu
librar,yêu cầu
wrapped,gói
loader,người tải
indicates,chỉ ra
connected,kết nối
listed,liệt kê
grow,lớn lên
implement,triển khai thực hiện
ldrloaddll,ldroaddll
friendly,thân thiện
occasion,dịp
panes,tấm
visual,thị giác
packages,gói
calls,cuộc gọi
notice,lưu ý
interesting,hấp dẫn
namely,cụ thể là
gests,cử chỉ
ordinal,thứ tự
pane,khung
particularly,cụ thể
down,xuống
watch,sự canh gác
executes,thực thi
middle,ở giữa
dependencywalke,phụ thuộcwalke
stores,cửa hàng
clicking,nhấp vào
umn,ừm
guess,đoán
labeled,dán nhãn
studio,phòng thu
distrib,phân phối
parts,các bộ phận
updated,cập nhật
significantly,đáng kể
errors,lỗi
controlling,kiểm soát
updates,cập nhật
suffixes,hậu tố
service,dịch vụ
actions,hành động
respectively,tương ứng
bars,thanh
manipulating,thao túng
buttons,nút
unfamiliar,không quen
displaying,hiển thị
importing,nhập khẩu
twice,hai lần
added,thêm
performs,thực hiện
manager,người quản lý
evaluating,đánh giá
worth,đáng giá
responding,trả lời
suffix,hậu tố
manipulation,thao tác
protocols,giao thức
description,sự miêu tả
accepts,chấp nhận
parameter,tham số
come,đến
bottom,đáy
documentation,tài liệu
drop,làm rơi
components,các thành phần
cesses,cai nghiện
naming,đặt tên
given,được cho
never,không bao giờ
scroll,cuộn
old,cũ
related,có liên quan
noting,lưu ý
parameters,thông số
confuse,bối rối
createdirectory,tạo thư mục
incompatible,không tương thích
continues,tiếp tục
ran,đã chạy
intended,dự định
tasks,nhiệm vụ
implemented,thực hiện
documenting,tài liệu
unclear,không rõ
click,nhấp chuột
entirely,toàn bộ
exports,xuất khẩu
implements,thực hiện
specifically,đặc biệt
conclude,kết luận
collected,thu thập
abridged,rút ngắn
omit,bỏ sót
unfortunately,không may
interact,tương tác
limited,giới hạn
immediately,ngay lập tức
misleading,gây hiểu lầm
potential,tiềm năng
give,cho
dialogboxparamw,hộp thoạiboxparamw
findclose,tìm thấy
getcurrentthrea,getcurrentthera
minority,thiểu số
wpos,wpo
createdialogpar,tạo raialogpar
registerhotkey,đăng kýhotkey
callnexthookex,callnexthoookex
getshortpathnam,getshortpathamnam
regopencurrentu,regopencienu
interest,quan tâm
deletefilew,xóafilew
purposes,mục đích
shellexecuteexw,shellexecutexw
continued,tiếp tục
invalidaterect,không hợp lệ
unregisterclass,ung đăng ký
standpoint,quan điểm
setwindowtextw,quan điểm
setfilepointer,setfilepulum
exitprocess,thoát sản
createthread,createdethread
readfile,đọc tài liệu
registerclassex,đăng kýclassex
uninteresting,không thú vị
iswindowenabled,iswindowenables
focusing,tập trung
createfilew,creatfilew
trackpopupmenue,đường đua
unhookwindowsho,ulookwindowsho
likelihood,khả năng
feature,tính năng
event,sự kiện
turn,xoay
currently,hiện tại
become,trở thành
callback,gọi lại
events,sự kiện
ctrl,điều khiển
bring,mang đến
shift,sự thay đổi
whenever,bất cứ khi nào
notified,thông báo
obscure,tối nghĩa
familiar,quen biết
conclusions,kết luận
did,đã làm
didn,không
presses,nhấn
gleaned,lượm lặt
defined,xác định
keyboard,bàn phím
currentversion,phiên bản hiện tại
draw,vẽ tranh
open,mở
occurs,xảy ra
combination,sự phối hợp
specify,chỉ định
controls,kiểm soát
active,tích cực
valuable,quý giá
manipulate,vận dụng
starts,bắt đầu
procedure,thủ tục
inputs,đầu vào
createfile,creatfile
specified,chỉ định
formulate,xây dựng
programmer,lập trình viên
gets,được
case,trường hợp
wouldn,sẽ không
mentation,cố vấn
matter,quan trọng
says,nói
displayed,hiển thị
occur,xảy ra
startup,khởi nghiệp
speculate,suy đoán
recorded,ghi lại
progress,phát triển
confirmed,đã xác nhận
enters,đi vào
continue,tiếp tục
anal,hậu môn
ally,đồng minh
gener,thế giới
supporting,hỗ trợ
anything,bất cứ điều gì
sets,bộ
loadlibrarya,librarya
specifies,chỉ định
surmise,phỏng đoán
considerably,đáng chú ý
brevity,ngắn gọn
prevents,ngăn chặn
cutes,cắt
multilanguage,đa ngôn ngữ
images,hình ảnh
care,quan tâm
furthermore,hơn nữa
panel,bảng điều khiển
consistent,phù hợp
image,hình ảnh
highlighted,nhấn mạnh
compilers,trình biên dịch
luckily,may mắn thay
offer,phục vụ
displays,hiển thị
icons,biểu tượng
head,đầu
vary,thay đổi
anywhere,bất cứ nơi nào
date,ngày tháng
globally,trên toàn cầu
menus,thực đơn
resources,tài nguyên
entry,lối vào
stamp,con tem
historical,lịch sử
relocation,tái định cư
present,hiện nay
selected,đã chọn
pile,đóng cọc
larger,lớn hơn
values,giá trị
inside,phía trong
problematic,có vấn đề
faked,giả mạo
subsystem,hệ thống con
allocated,phân bổ
alignment,liên kết
older,lớn hơn
optional,không bắt buộc
june,tháng sáu
piled,chất đống
deviations,sai lệch
raw,thô
competent,có thẩm quyền
creates,tạo ra.
console,bảng điều khiển
normal,thông thường
due,quá hạn
sub,phụ
fake,giả mạo
equal,bình đẳng
compile,biên dịch
big,to lớn
indicative,chỉ định
sizes,kích thước
generated,tạo ra
segment,bộ phận
meaning,ý nghĩa
anomalies,bất thường
unusual,không bình thường
identical,giống hệt nhau
dialog,hộp thoại
edit,biên tập
informative,nhiều thông tin
free,miễn phí
statement,tuyên bố
items,mặt hàng
icon,biểu tượng
menu,thực đơn
knew,biết
folder,thư mục
browsing,duyệt
gui,gui.
embedded,nhúng
viewer,người xem
bet,cá cược
reviews,đánh giá
presenting,trình bày
lets,hãy
occasionally,thỉnh thoảng
prohosting,cấm
pebrowse,brebrowse
heaventools,nặng
drawback,hạn chế
parsed,phân tích cú pháp
whatever,sao cũng được
typical,đặc trưng
navigate,điều hướng
revealed,tiết lộ
reports,báo cáo
below,phía dưới
solution,sự hòa tan
posed,đặt ra
hint,gợi ý
match,trận đấu
existing,hiện tại
spread,lan tràn
physical,vật lý
nected,ned
putting,đặt
test,kiểm tra
unexpected,bất ngờ
disadvantage,điều bất lợi
surprises,bất ngờ
fresh,tươi
connection,sự liên quan
spreading,truyền bá
unnecessary,không cần thiết
gapped,happ
dedicated,tận tụy
air,hàng không
live,sống
prevent,ngăn chặn
discon,không muốn
restore,khôi phục
player,người chơi
disadvantages,nhược điểm
offers,ưu đãi
traditional,truyên thông
column,cột
damages,thiệt hại
guest,khách
ton,tấn
kept,đã giữ
lacks,thiếu
differently,khác nhau
reinstall,cài đặt lại
workstation,máy trạm
completed,hoàn thành
cannot,không thể
problems,các vấn đề
ghost,con ma
backup,sao lưu
behave,hành xử
under,dưới
advantage,lợi thế
choose,chọn
everything,mọi điều
needs,nhu cầu
ingly,khéo léo
unless,trừ khi
transfer,chuyển khoản
ability,có khả năng
configurations,cấu hình
folders,thư mục
walk,đi bộ
surpris,bất ngờ
select,lựa chọn
dynam,động
attacks,tấn công
resize,thay đổi kích thước
improves,cải thiện
shrink,co lại
choices,sự lựa chọn
current,hiện hành
ically,iralal
installation,cài đặt
accordingly,theo đó
drag,lôi kéo
discus,cá dĩa
prefer,thích hơn
clone,dòng vô tính
responsive,phản ứng nhanh nhẹn
explorations,khám phá
parallels,tương đồng
writing,viết
save,cứu
intelligently,thông minh
alternatives,lựa chọn thay thế
snapshotting,ảnh chụp nhanh
drive,lái xe
relevant,liên quan, thích hợp
beginning,bắt đầu
configuration,cấu hình
removing,loại bỏ
lan,lan.
configure,cấu hình
choosing,lựa chọn
natures,bản chất
removable,có thể tháo rời
doing,đang làm
connectivity,kết nối
separate,tách rời
turned,quay
tained,nghiêng
adapter,bộ chuyển đổi
checkbox,hộp kiểm
disconnect,ngắt kết nối
private,riêng
power,sức mạnh
observe,quan sát
illustrates,minh họa
patches,bản vá lỗi
restrictive,hạn chế
combine,kết hợp
patched,vá lỗi
documented,ghi lại
sufficient,hợp lý
firewall,bức tường lửa
joined,tham gia
touching,sờ vào
external,bên ngoài
disconnected,mất kết nối
tries,cố gắng
enabled,đã bật
protection,sự bảo vệ
combines,kết hợp
shares,cổ phiếu
roms,rom
relies,dựa vào
communicate,giao tiếp
drives,lái xe
becoming,trở thành
pose,tư thế
equivalent,tương đương
simulating,mô phỏng
biggest,to nhất
adapters,bộ điều hợp
translates,dịch
translation,dịch
resolve,giải quyết
bridged,bắc cầu
denial,từ chối
acts,hành vi
avoiding,tránh
comfortable,thoải mái
protected,được bảo vệ
wired,có dây
despite,cho dù
privacy,sự riêng tư
router,bộ định tuyến
spamming,spam
node,nút
requests,yêu cầu
shortly,trong thời gian ngắn
configured,cấu hình
erasing,xóa
hassle,rắc rối
extremely,cực kỳ
slate,đá phiến
concept,ý tưởng
controller,người điều khiển
auto,tự động
paths,đường dẫn
undo,hoàn tác
considering,xem xét
undesirable,không mong muốn
device,thiết bị
occurred,xảy ra
erased,xóa
workflow,quy trình làm việc
frustrated,bực bội
growing,phát triển
uncheck,bỏ chọn
needing,cần thiết
powerful,mạnh mẽ
branch,chi nhánh
snapshot,ảnh chụp nhanh
popularity,phổ biến
saves,tiết kiệm
via,qua
timeline,mốc thời gian
revert,hoàn nguyên
matically,không tốt
lost,mất
simplest,đơn giản nhất
undertaken,thực hiện
states,những trạng thái
explicit,rõ ràng
earlier,sớm hơn
happens,xảy ra
percent,phần trăm
forming,hình thành
conduct,hạnh kiểm
records,hồ sơ
vir,vir.
public,công cộng
interrupt,ngắt
put,đặt
race,cuộc đua
fidelity,sự trung thành
causing,gây ra
exploited,khai thác
movie,bộ phim
notes,ghi chú
released,phát hành
mistake,sai lầm
screenshots,ảnh chụp màn hình
replicate,nhân rộng
precautions,các biện pháp phòng ngừa
assume,cho rằng
lable,lible
update,cập nhật
careful,cẩn thận
examination,kiểm tra
keeps,giữ
locate,định vị
mean,nghĩa là
exhausted,kiệt sức
reached,đạt
action,hoạt động
decipher,giải mã
log,đăng nhập
tested,thử nghiệm
willing,sẵn lòng
purchase,mua
similarly,tương tự
house,nhà ở
results,các kết quả
formerly,trước kia
sand,cát
technology,công nghệ
website,trang mạng
force,lực lượng
comprise,bao gồm
submit,gửi đi
threatexpert,đe dọa
box,hộp
mechanism,cơ chế
argument,lý lẽ
harming,làm hại
purchasing,thu mua
initial,ban đầu
instant,lập tức
arguments,tranh luận
activ,kích hoạt
fear,nỗi sợ
limitations,giới hạn
cess,chấm dứt
launched,ra mắt
listening,lắng nghe
opened,mở.
wait,đợi đã
returned,trả lại
account,tài khoản
request,yêu cầu
sleep,ngủ
spawned,sinh sản
impacted,tác động
rip,yên nghỉ
correctly,chính xác
presence,sự hiện diện
dump,bãi rác
invoked,được viện dẫn
syntax,cú pháp
tricky,khó khăn
correct,sửa
encryption,mã hóa
rendered,kết xuất
container,thùng đựng hàng
encrypted,được mã hóa
uninstall,gỡ cài đặt
majority,số đông
useless,vô ích
double,gấp đôi
properly,đúng
utility,tính thiết thực
vice,hành vi xấu xa
captures,bắt giữ
forcing,buộc
convenient,thuận lợi
alternatively,cách khác
filemon,đồ đạc
servicename,tên dịch vụ
terminate,chấm dứt
talking,đang nói
installservice,cài đặt dịch vụ
cause,nguyên nhân
rest,nghỉ ngơi
wipe,lau đi
unexpectedly,bất ngờ
prepended,chuẩn bị
tently,triệt để
frequently,thường xuyên
collect,sưu tầm
flag,lá cờ
extension,sự mở rộng
unused,không sử dụng
payload,khối hàng
enhances,tăng cường
entries,mục
previous,trước
monitors,màn hình
minutes,phút
operation,hoạt động
columns,cột
periods,chu kỳ
configurable,cấu hình
timestamp,dấu thời gian
collection,thu thập
fit,phù hợp
minute,phút
creation,sự sáng tạo
discontinue,ngừng sử dụng
soon,sớm
word,từ
otherwise,nếu không thì
vidual,cá nhân
containing,chứa
told,nói
screen,màn hình
capability,khả năng
irrelevant,không liên quan
success,sự thành công
until,cho đến khi
clear,thông thoáng
path,đường dẫn
capturing,bắt giữ
filters,bộ lọc
individ,cá nhân
consum,tiêu thụ
excludes,loại trừ
reset,cài lại
top,đứng đầu
exclude,loại trừ
destructive,phá hoại
button,cái nút
comparator,người so sánh
applying,áp dụng
corresponding,tương ứng
ports,cổng
off,tắt
apply,nộp đơn
patience,kiên nhẫn
toolbar,thanh công cụ
add,cộng
automatic,tự động
investigating,điều tra
connections,kết nối
category,thể loại
review,xét lại
rows,hàng
worry,lo
helpful,hữu ích
boot,khởi động
lower,thấp hơn
circled,khoanh tròn
loca,địa phương
four,bốn
interaction,sự tương tác
pink,hồng
properties,tính chất
validate,xác nhận
relationships,các mối quan hệ
kill,giết
indicated,chỉ ra
blue,màu xanh da trời
removed,loại bỏ
terminated,chấm dứt
parent,cha mẹ
identifier,định danh.
green,màu xanh lá
bracket,dấu ngoặc
curly,quăn
thoroughly,triệt để
child,đứa trẻ
highlights,điểm nổi bật
temporary,tạm thời
five,năm
replaces,thay thế
overwriting,ghi đè
valid,có giá trị
opens,mở ra
corrupted,bị hỏng
signed,ký
quite,khá
tab,chuyển hướng
verifies,xác minh
privileges,đặc quyền
verifying,xác minh
authentic,thật
listings,danh sách
versus,đấu với
drastically,mạnh mẽ
corner,góc phố
half,một nửa
discrepancy,sự khác biệt
favorites,yêu thích
toggle,chuyển đổi
verified,đã xác minh
views,lượt xem
replacing,thay thế
compare,so sánh
handle,xử lý
selecting,chọn
launches,ra mắt
unpatched,không theo dõi
shot,bắn
viewers,những người xem
shots,ảnh
document,tài liệu
reader,người đọc
malwareanalysis,salwareanalysis
compari,so sánh
datetime,ngày giờ
username,tên tài khoản
son,con trai
nuggets,thợ mỏ
hexadecimal,thập lục phân
seed,hạt giống
stantly,nghiêm khắc
random,ngẫu nhiên
generator,máy phát điện
setup,cài đặt
cryptography,mật mã
patient,kiên nhẫn
spoofs,giả mạo
discussion,thảo luận
increase,tăng lên
receives,nhận được
izing,đánh bại
quickest,nhanh nhất
solid,chất rắn
noise,tiếng ồn
successfully,thành công
comparison,so sánh
communicates,giao tiếp
chances,cơ hội
beacons,đèn hiệu
eventually,sau cùng
addresses,địa chỉ
outbound,ra ngoài
starting,bắt đầu
trick,bí quyết, thuật, mẹo
insert,chèn
redirect,chuyển hướng
proxying,ủy quyền
forward,phía trước
respec,tôn trọng
malwar,phần mềm độc hại
gateway,cổng
inbound,trong nước
blocked,bị chặn
evil,độc ác
monitored,theo dõi
appropriate,phù hợp
loop,vòng
tively,tình cờ
giving,cho đi
swiss,thụy sĩ
cuting,cắt
requested,yêu cầu
nonexistent,không tồn tại
listen,nghe
assuming,giả định
knife,dao
tunneling,đường hầm
domains,miền
shop,cửa tiệm
fields,lĩnh vực
length,chiều dài
highlight,điểm nổi bật
stream,dòng
satisfy,làm vui lòng
inserts,chèn
redirection,chuyển hướng
accept,chấp nhận
post,đăng tải
intercepts,đánh chặn
agent,đại lý
listener,thính giả
visualization,hình dung
alive,còn sống
sniff,bị nghẹt mũi
packets,gói
session,phiên họp
chatter,trò chuyện
coffee,cà phê
steal,lấy trộm
deflate,xì hơi
colors,màu sắc
conversation,cuộc hội thoại
side,bên
ends,kết thúc
discard,loại bỏ
finger,ngón tay
others,khác
emulates,mô phỏng
emulating,thi đua
echo,tiếng vang
interfaces,giao diện
vices,tệ nạn
promiscuous,lăng nhăng
protocol,giao thức
inter,chôn cất
daytime,ban ngày
smtps,smtp
ident,nhận dạng
figurable,có thể tưởng tượng được
emulated,thi đua
clearing,dọn dẹp
gathering,thu thập
simulation,mô phỏng
gathered,tập hợp
quotd,trích dẫn
dummy,hình nộm
formatted,định dạng
maximize,tối đa hóa
nonstandard,không đạt tiêu chuẩn
concert,buổi hòa nhạc
item,mục
determining,xác định
banner,ảnh bìa
bound,ràng buộc
scanned,quét
realize,nhận ra
returns,trả lại
module,mô -đun
shake,rung chuyển
rect,trực tràng
liking,thích
diagram,biểu đồ
redirecting,chuyển hướng
analy,phân tích
resolved,đã giải quyết
browser,trình duyệt
sis,chị
newly,mới
numbers,số
listens,lắng nghe
mutant,người đột biến
modifications,sửa đổi
reviewing,xem xét
incoming,mới đến
reboot,khởi động lại
layer,lớp
explore,khám phá
draft,bản thảo
handshake,bắt tay
acsii,ascii
resulting,kết quả
consistency,tính nhất quán
assist,hỗ trợ
deficiencies,sự thiếu hụt
dissection,mổ xẻ
considerable,đáng kể
findings,phát hiện
glean,lượm lặt
roadblock,rào cản
foot,bàn chân
specially,đặc biệt
digging,đào
story,câu chuyện
discouraged,nản lòng
shortcomings,thiếu sót
autopsy,khám nghiệm tử thi
preliminary,sơ bộ
firmware,phần mềm
logic,hợp lý
operate,vận hành
operates,hoạt động
translate,giải thích
simplified,giản thể
underlying,cơ bản
logical,hợp lý
placed,đặt
underneath,bên dưới
circuitry,mạch
conversely,ngược lại
exact,chính xác
manipulated,thao túng
near,gần
combinations,kết hợp
gates,cổng
trical,kéo dài
coding,mã hóa
abstracted,trừu tượng hóa
exit,lối ra
circuits,chu trình
dialect,phương ngữ
piler,phi công
interpreter,thông dịch viên
tecture,sự tham gia
compilation,tổng hợp
reliably,đáng tin cậy
recovered,phục hồi
processor,bộ xử lý
microprocessors,bộ vi xử lý
efficiently,hiệu quả
pcs,pc
lying,nằm
pendent,chưa xong
fly,ruồi
strong,mạnh
digits,chữ số
comprehend,hiểu
translated,dịch
highest,cao nhất
bytecode,mã byte
languages,ngôn ngữ
dialects,phương ngữ
consistently,nhất quán
interpreted,giải thích
additionally,ngoài ra
aspects,các khía cạnh
personal,riêng tư
fetching,tìm nạp
units,các đơn vị
keyboards,những bàn phím
repeated,lặp đi lặp lại
fetched,lấy đi
unit,đơn vị
processing,chế biến
edition,phiên bản
register,đăng ký
places,nơi
architectures,kiến trúc
central,trung tâm
building,tòa nhà
heap,đống
initially,ban đầu
mnemonic,mnemon
allocate,chỉ định
blocks,khối.
referred,được giới thiệu
guarantee,bảo hành
divided,chia
orchestrated,phối hợp
lowing,hạ thấp
longer,lâu hơn
layout,bố trí
corresponds,tương ứng
narrowly,hẹp
equation,phương trình
codes,mã
fixed,đã sửa
cognizant,nhận thức
operand,thoại
defines,xác định
denoted,ký hiệu
treated,điều trị
ordered,đặt hàng.
techni,kỹ thuật
locally,địa phương
brackets,dấu ngoặc
smallest,nhỏ nhất
accidentally,vô tình
moves,di chuyển
destination,điểm đến
accomplished,hoàn thành
reference,thẩm quyền giải quyết
tents,lều
ever,bao giờ
effec,hiệu ứng
indispensable,cần thiết
screenshotting,ảnh chụp màn hình
retrieve,lấy lại
hacks,hack
gray,xám
hunting,săn bắn
shelve,xiên
magic,ma thuật
automation,tự động hóa
escalate,leo thang
extend,mở rộng
entertainment,giải trí
script,kịch bản
sneakily,lén lút
darker,tối hơn
creative,sáng tạo
automate,tự động hóa
merely,chỉ đơn thuần
manip,thao tác
immunity,miễn trừ
infecting,lây nhiễm
bug,sâu bọ
finest,tốt nhất
insider,người trong cuộc
spends,chi tiêu
difference,sự khác biệt
ulating,lo lắng
inject,tiêm
sandboxing,hộp cát
hackers,tin tặc
bulk,số lượng lớn
printed,in
proofreading,đọc lại
cliff,vách đá
sales,bán hàng
reviewers,người đánh giá
indexing,lập chỉ mục
booth,gian hàng
usa,hoa kỳ
distribution,phân bổ
printing,in
forever,mãi mãi
grateful,biết ơn
gave,đã đưa cho
cancer,cung cự giải
society,xã hội
wonderful,tuyệt vời
canadian,người canada
met,gặp
policy,chính sách
moved,di chuyển
financial,tài chính
belt,dây nịt
obsessed,bị ám ảnh
hobby,sở thích
past,quá khứ
tests,xét nghiệm
north,bắc
around,vòng quanh
agency,hãng
feels,cảm thấy
companion,bạn đồng hành
ten,mười
matrix,ma trận
passion,đam mê
obsession,nỗi ám ảnh
firms,các công ty
decade,thập kỷ
happily,hạnh phúc
favorite,yêu thích
early,sớm
commodore,hàng hóa
assessments,đánh giá
proxy,ủy quyền
owning,sở hữu
automating,tự động hóa
scapy,scalco
preface,lời nói đầu
fun,niềm vui
discovery,khám phá
paragraph,đoạn văn
tires,lốp xe
kicking,đá
installing,cài đặt
brute,vũ phu
gold,vàng
installations,cài đặt
aware,nhận thức
fuzzing,mờ
socket,ổ cắm
cache,bộ nhớ cache
credentials,thông tin xác thực
app,ứng dụng
poisoning,ngộ độc
turning,quay
winning,chiến thắng
grabbing,chộp lấy
profiles,hồ sơ
token,mã thông báo
developers,nhà phát triển
war,chiến tranh
tinkering,lóe lên
senses,giác quan
interested,thú vị
canvas,tranh sơn dầu
dominant,có ưu thế
automo,tự động
proxies,proxy
frameworks,khung
religious,tôn giáo
occasional,thỉnh thoảng
community,cộng đồng
united,thống nhất
automotive,ô tô
manner,thái độ
fuzzers,fuzzer
recently,mới đây
young,trẻ
throughs,xuyên qua
auditing,kiểm toán
super,siêu
prising,tuyệt vời
myself,riêng tôi
attacking,tấn công
diving,lặn
stunt,đóng thế
september,tháng chín
ground,đất
knowl,biết
feel,cảm xúc
deal,đối mặt
dives,lặn
prettiness,xinh đẹp
homework,bài tập về nhà
bare,trần
delivering,giao hàng
minimum,tối thiểu
assignments,bài tập
implementations,thực hiện
face,đối mặt
hope,mong
direction,chiều hướng
hear,nghe
love,yêu và quý
sprinkled,rắc
encourage,khuyến khích
helps,giúp đỡ
optimization,tối ưu hóa
foundational,cơ sở
tooling,dụng cụ
stability,sự ổn định
flavor,hương vị
ideas,ý tưởng
philosophy,triết học
rapid,nhanh
straight,thẳng
slowly,chậm rãi
muscle,cơ bắp
punch,đấm
pertinent,thích hợp
volatility,biến động
lay,đặt nằm
fundamentals,nguyên tắc cơ bản
deals,giao dịch
grab,vồ lấy
pushing,đẩy
spent,dành ra
laughs,cười
folks,mọi người
letting,cho phép
absolutely,chắc chắn rồi
tolerating,khoan dung
beautiful,xinh đẹp
children,bọn trẻ
edits,chỉnh sửa
motivation,động lực
dad,bố
crew,phi hành đoàn
brothers,anh em
room,phòng
amazing,kinh ngạc
typed,gõ
tolerance,sức chịu đựng
board,bảng
wife,người vợ
appreciate,đánh giá cao
critiqued,phê bình
ment,tinh thần
drinks,đồ uống
moan,kêu van
ruffians,ruffian
piss,niềm sát
mom,mẹ
sister,chị gái
exer,phát triển
nevertheless,tuy nhiên
iron,sắt
nice,đẹp
cises,quan điểm
ahead,phía trước
preferably,tốt nhất là
environ,môi trường
terminal,phần cuối
beyond,ngoài
preinstalled,được cài đặt sẵn
fire,lửa
accessories,phụ kiện
successor,kế thừa
clickable,có thể nhấp
explana,giải thích
issuing,phát hành
indicating,chỉ ra
apt,đúng cách
credits,tín dụng
advocate,biện hộ
warned,cảnh báo
completion,hoàn thành
recommended,khuyến khích
brought,đem lại
shame,xấu hổ
environments,môi trường
managers,người quản lý
license,giấy phép
wish,ước
rundown,chạy xuống
dependencies,phụ thuộc
mend,sửa chữa
directory,danh mục
platform,nền tảng
fix,khắc phục
trial,sự thử nghiệm
whichever,cái nào
apart,riêng biệt
planned,kế hoạch
firsthand,đầu tiên
unmet,chưa được đáp ứng
accessing,truy cập
illustrate,minh họa
sum,tổng
probe,thăm dò
blank,chỗ trống
editing,chỉnh sửa
tabs,tab
starters,người mới bắt đầu
convert,đổi
converted,chuyển đổi
integer,số nguyên
bugs,lỗi
track,theo dõi
bar,quán ba
hit,đánh
demonstration,trình diễn
margin,lề
contrived,chiếm ưu thế
filename,tên tệp
breakpoint,điểm dừng
halt,tạm dừng lại
hitting,đánh
inspect,quan sát
dot,chấm
pressing,nhấn
developing,phát triển
comparable,có thể so sánh
enables,cho phép
tweet,tiếng riu ríu
becomes,trở thành
snippets,đoạn trích
variable,biến đổi
resume,bản tóm tắt
troubleshoot,khắc phục sự cố
recursive,đệ quy
arena,đấu trường
servers,may chủ
depths,độ sâu
conundrum,câu hỏi hóc búa
remotely,từ xa
surprised,ngạc nhiên
sexiest,quyến rũ nhất
docs,tài liệu
deepest,sâu nhất
framework,khuôn khổ
print,in
networked,nối mạng
fuzz,lông tơ
sock,bít tất
absolute,tuyệt đối
party,buổi tiệc
paste,dán
luxury,sang trọng
maintaining,duy trì
hostname,tên máy chủ
countless,vô số
confines,giới hạn
saying,nói
whip,roi da
breaking,phá vỡ
garbage,rác
exposes,phơi bày
await,chờ đợi
snippet,đoạn trích
timely,hợp thời
superior,thượng đẳng
varied,đa dạng
creat,tạo ra
sendto,gửi đến
assump,giả định
blocking,chặn
beforehand,tới trước
sake,lợi ích
expecting,mong đợi
assumptions,giả định
definitely,chắc chắn
addr,thêm
passing,đi qua
opposed,phản đối
reliable,đáng tin cậy
expect,chờ đợi
opinions,ý kiến
simplicity,sự đơn giản
craft,thủ công
pass,đi qua
accepted,đã được chấp nhận
threaded,chủ đề
handler,người xử lý
shells,vỏ
close,thoát
connec,kết nối
maximum,tối đa
spin,quay
crank,tay quây
threading,luồng
bind,trói buộc
multi,đa
shrewd,thông minh
secondary,thứ hai
subprocess,quá trình phụ
dropping,rơi
administrators,quản trị viên
broken,bị hỏng
lifting,nâng
surprise,bất ngờ
points,điểm
gives,cho
couple,cặp đôi
replace,thay thế
burn,đốt cháy
heavy,nặng
pretty,khá
except,ngoại trừ
responsible,có tinh thần trách nhiệm
receiving,nhận
initialize,khởi tạo
commandline,dòng lệnh
commandshell,chỉ huy
depending,tùy
interactively,tương tác
criteria,tiêu chuẩn
potentially,có tiềm năng
plumbing,ống nước
block,khối
sender,người gửi
unhandled,không được xử lý
plan,kế hoạch
mimic,bắt chước
assert,khẳng định
noted,lưu ý
attached,đính kèm
ship,tàu
tear,xé
exiting,thoát ra
kills,giết chết
mand,bắt buộc
uploads,tải lên
haven,trú ẩn
newline,dòng mới
trim,cắt
none,không ai
saved,đã lưu
descriptor,mô tả
acknowledge,thừa nhận
prompt,lời nhắc
speak,nói
staff,nhân viên
fashioned,thời trang
marker,đánh dấu
logged,đăng nhập
pwd,nkt
dec,tháng mười hai
ensures,đảm bảo
conjuring,kết hợp
bounce,nảy
hack,gian lận
faced,phải đối mặt
wed,thứ tư
equiv,tương đương
title,tiêu đề
permissions,quyền
reasons,lý do
bin,thùng rác
imagination,trí tưởng tượng
expand,mở rộng
assessing,đánh giá
segmentation,phân đoạn
forwarding,chuyển tiếp
localport,địa phương
remoteport,từ xa
remotehost,máy chủ từ xa
argu,lập luận
fancy,nhiều màu
wash,rửa sạch
bits,chút ít
rinse,rửa sạch
repeat,lặp lại
dumper,làm cho mờ
closing,đóng cửa
tication,ticr
complimen,khen ngợi
heart,quả tim
desires,mong muốn
continually,liên tục
reuse,tái sử dụng
initiate,bắt đầu
recipes,công thức nấu ăn
adjusted,điều chỉnh
append,nối
timeout,hết giờ
join,tham gia
destined,định mệnh
printable,có thể in
cleanly,sạch sẽ
incorrect,không đúng
aggressive,xâm lược
enable,cho phép
privileged,đặc quyền
elevate,nâng
admin,quản trị viên
administrative,hành chính
ban,lệnh cấm
got,lấy
countries,quốc gia
plaintext,văn bản thô
engagement,hôn ước
duplicate,nhân bản
wise,khôn ngoan
installer,người cài đặt
crypto,tiền điện tử
demo,thử nghiệm
transport,chuyên chở
stick,gậy
tunnel,đường hầm
ease,xoa dịu
pivoting,xoay
home,trang chủ
supports,hỗ trợ
puzzle,ghép hình
encrypt,mã hóa
passed,thông qua
groups,các nhóm
expands,mở rộng
negotiation,đàm phán
administrativel,về mặt hành chính
prohibited,cấm
strip,dải
authenticated,xác thực
init,trong đó
welcome,hoan nghênh
stuff,chuyện
serverinterface,máy chủtinface
succeeded,đã thành công
channel,kênh
raise,nâng lên
keyboardinterru,bàn phím
cool,ngầu
confusing,gây nhầm lẫn
unpackaged,giải nén
tunnelling,đường hầm
packaged,đóng gói
usual,bình thường
delivered,đã giao hàng
config,cấu hình
recall,gợi lại
perfectly,hoàn hảo
keyfile,tài liệu quan trọng
warningpolicy,cảnh báo
skip,nhảy
reprint,in lại
stopped,dừng lại
parse,phân tích cú pháp
origin,nguồn gốc
site,địa điểm
hats,mũ
closed,đóng
pure,nguyên chất
grasp,sự hiểu biết
flip,lật
demos,bản trình diễn
scanner,máy quét
mature,trưởng thành
perhaps,có lẽ
finer,tốt hơn
entering,vào
appreciation,sự đánh giá
painlessly,không đau
decode,giải mã
kick,đá
reconnaissance,trinh sát
famil,gia đình
brethren,anh em
spraying,phun
flexibility,uyển chuyển
assessment,thẩm định, lượng định, đánh giá
walkthrough,hướng dẫn
surface,bề mặt
overhead,trên không
subnet,mạng con
hearing,thính giác
intend,có ý định
arguably,được cho là
deploy,triển khai
viable,khả thi
unreachable,không thể truy cập
platforms,nền tảng
intimately,thân mật
arrive,đến nơi
frames,khung
scans,quét
enabling,cho phép
forces,lực lượng
userspace,không gian người dùng
quit,từ bỏ
card,thẻ
constructing,xây dựng
flags,cờ
essary,tinh chất
sees,nhìn
spec,thông số kỹ thuật
whereas,trong khi
notification,thông báo
sniffed,đánh hơi
resembles,giống
garbled,cắt xén
disable,vô hiệu
tined,nhấm nháp
closely,chặt chẽ
pull,sự lôi kéo
appearance,xuất hiện
overly,quá mức
stand,đứng
makeup,trang điểm
seamless,liền mạch
translating,dịch
offset,bù lại
tos,điều kiện
definition,định nghĩa
struct,cấu trúc
fragment,miếng
identification,nhận biết
checksum,kiểm tra
routine,công viêc hằng ngày
neat,gọn gàng
freshly,tươi
nicely,độc đáo
extracting,trích xuất
housekeeping,vệ sinh
struc,cấu trúc
vious,tầm thường
confined,hạn chế
defining,xác định
minted,đúc tiền
preceding,trước đó
pre,trước
contin,tiếp tục
stay,ở lại
acceptable,chấp nhận được
purposefully,mục đích
arriving,đến
downloading,tải xuống
dictates,ra lệnh
seeing,nhìn thấy
sessions,phiên
queries,truy vấn
imme,emme
tent,cái lều
diately,một cách quan trọng
lives,cuộc sống
limitation,giới hạn
inspection,điều tra
elicit,gợi ra
chatty,trò chuyện
originating,nguồn gốc
slice,lát cắt
hop,nhảy lò cò
multiplying,nhân
chunks,miếng, mảnh nhỏ
thus,do đó
sprays,thuốc xịt
sizeof,kích thước
decoded,giải mã
determines,xác định
ipaddress,địa chỉ ip
originally,ban đầu
comment,nhận xét
anticipated,dự đoán
coming,đang tới
noisy,ồn ào
spawn,sinh sản
fires,lửa
originated,nguồn gốc
iter,vòng lặp
mask,mặt nạ
suited,phù hợp
took,lấy
accurate,chính xác
feed,cho ăn
appropriately,thích hợp
referencing,tham khảo
deployed,đã triển khai
downloads,tải xuống
iterators,trình lặp
seconds,giây
ideally,lý tưởng
proceed,tiếp tục
carve,khắc chạm
wrap,bọc
facial,mặt
taste,nếm
possibilities,khả năng
infinite,vô hạn
demonstrating,trình diễn
flexible,linh hoạt
extended,mở rộng
justice,sự công bằng
thought,nghĩ
humans,con người
dedicating,dành
sniffs,đánh hơi
suck,hút
bolts,bu lông
nuts,quả hạch
skeleton,bộ xương
functioning,hoạt động
dissects,mổ xẻ
cap,mũ lưỡi trai
aptly,một cách thích hợp
coupling,khớp nối
crack,nứt
jam,mứt
indefinitely,vô thời hạn
dumps,bãi rác
iface,tôi đôi mặt
newest,mới nhất
matches,diêm
doc,tài liệu
route,tuyến đường
sport,thể thao
frag,mảnh
dport,dpor
peel,bóc
incredibly,vô cùng
attempting,cố gắng
leave,rời bỏ
vast,rộng lớn
amounts,lượng
friend,bạn
wire,dây điện
changed,đã thay đổi
consuming,tiêu thụ
mobile,di động
oldest,lâu đời nhất
recent,gần đây
pace,tốc độ
maintains,duy trì
achieve,hoàn thành
toolkit,bộ công cụ
reach,với tới
attacked,tấn công
convince,thuyết phục
signal,dấu hiệu
verb,động từ
preset,đặt trước
restoring,khôi phục
upcoming,sắp tới
signals,tín hiệu
unanswered,chưa được trả lời
punching,đấm
retry,thử lại
carving,chạm khắc
plished,nới lỏng
emit,phát ra
remain,duy trì
caches,bộ nhớ cache
broadcast,phát tin
builds,xây dựng
poisoned,đầu độc
boy,cậu bé
potatoes,những quả khoai tây
flowing,chảy
speci,cụ thể
duration,khoảng thời gian
meat,thịt
apple,táo
awesome,tuyệt vời
replaying,phát lại
pcaps,pcap
instance,ví dụ
her,bà ấy
dice,xúc xắc
miner,thợ mỏ
weirdness,sự kì lạ
nasty,khó chịu
poor,nghèo
erating,dựng lên
married,cưới nhau
faces,khuôn mặt
carved,chạm khắc
assembler,trình biên dịch
narrow,chật hẹp
carver,thợ chạm khắc
reassemble,lắp ráp lại
pictures,những bức ảnh
vision,giấc mơ
reassembled,lắp ráp lại
effectively,có hiệu quả
bulletproof,chống đạn
extraction,khai thác
individually,cá nhân
amazingly,thật đáng kinh ngạc
dictionary,từ điển
max,tối đa
split,tách ra
dict,dign
retrieved,lấy
compression,nén
closer,gần hơn
classifier,phân loại
indeed,thật
scale,tỉ lệ
slight,mảnh dẻ
rectangle,hình chữ nhật
orientation,sự định hướng
bindings,ràng buộc
fruit,hoa quả
rects,rect
splits,chia tách
transit,quá cảnh
coordinates,tọa độ
generously,hào phóng
classifiers,phân loại
mines,mỏ
advance,tiến bộ
regular,chính quy
trained,đào tạo
detectmultiscal,detectmultiscale
frontalface,phía trước
sideways,một bên
yours,của bạn
cascade,dòng thác
expression,biểu hiện
drawn,vẽ
eclecti,chiết trung
robust,mạnh mẽ
assignment,phân công
supported,được hỗ trợ
boxes,hộp
crawling,bò
corrupt,tham nhũng
fed,đã nuôi
conjunction,liên từ
validation,thẩm định
training,tập huấn
social,xã hội
partially,một phần
mining,khai thác mỏ
reinvent,tái tạo lại
beaten,đánh đập
avenue,đại lộ
largest,lớn nhất
death,cái chết
sites,trang web
wheel,bánh xe
tester,kiểm thử
gaining,đạt được
scenario,kịch bản
interacting,tương tác
frankly,thẳng thắn
mindful,trách nhiệm
finely,tinh xảo
grained,hạt
cookies,bánh quy
construction,sự thi công
procedures,thủ tục
empty,làm rỗng cái gì
tected,ticked
blogging,viết blog
toehold,chân
leftover,thức ăn thừa
introduces,giới thiệu
rapidly,liên tục
hunt,săn bắn
reachable,có thể tiếp cận
terms,điều kiện
overworked,làm việc quá sức
pickings,chọn
startswith,bắt đầu với
hapless,không may
queue,xếp hàng
project,dự định
mapper,lập đầu tư
direc,chỉ thị
extensions,phần mở rộng
spawning,sinh sản
httperror,lỗi http
retrieving,lấy
iteration,lặp đi lặp lại
status,tình trạng
applica,ứng dụng
controllers,bộ điều khiển
models,mô hình
wordlists,danh sách các từ
intelligence,sự thông minh
pool,hồ bơi
owasp,nợ
forced,bị ép
aggressively,tích cực
breadcrumbs,vụn bánh mì
spider,nhện
helpers,người trợ giúp
assumed,giả định
picking,chọn
crawl,bò
configura,cấu hình
commerce,thương mại
administrator,người quản lý
helper,người giúp đỡ
tried,cố gắng
wordlist,danh sách các từ
readlines,đoạn đọc
resuming,nối lại
gecko,con tắc kè
iterating,lặp lại
interrupted,bị gián đoạn
achieved,đạt được
bruteforce,lực lượng vũ phu
treat,đãi
populated,dân cư
bruting,vất vả
iterate,lặp lại
quote,trích dẫn
buggy,có lỗi
stress,căng thẳng
referenced,tham chiếu
attention,chú ý
nerable,không thể
offline,ngoại tuyến
bunch,bó
spinning,quay
logout,đăng xuất
aside,qua một bên
importance,tầm quan trọng
hosted,đã lưu trữ
react,phản ứng
login,đăng nhập
pulling,đang kéo
pay,chi trả
intentionally,cố ý
medium,trung bình
placeholder,người giữ chỗ
incorporate,kết hợp
advancedselect,nâng cao
assess,đánh giá
submitted,gửi
strength,sức mạnh
lockouts,khóa
captcha,mã ngẫu nhiên
english,anh
privy,riêng
bae,cưng
hidden,ẩn giấu
whirlwind,cơn lốc
kingdom,vương quốc
yourtarget,mục tiêu của bạn
tour,chuyến du lịch
submitting,đệ trình
attribute,thuộc tính
fail,thất bại
killer,sát thủ
administration,sự quản lý
checked,đã kiểm tra
randomized,ngẫu nhiên
desired,mong muốn
cookie,bánh quy
domized,sisplized
deserve,xứng đáng
train,tàu hỏa
jar,cái lọ
parser,trình phân tích cú pháp
opener,người mở
tag,nhãn
attributes,thuộc tính
initialized,khởi tạo
passes,vượt qua
adapt,phỏng theo
intact,nguyên vẹn
spidering,nhện
rocks,đá
opposite,đối nghịch
associate,kết hợp
prototypes,nguyên mẫu
processed,xử lý
sanjose,san jose
oxid,oxy hóa
cracking,nứt
toolset,bộ công cụ
mutation,đột biến
utilize,sử dụng
intercepted,bị chặn
carry,mang
panels,bảng
intruder,kẻ xâm nhập
standalone,độc lập
trapped,bị mắc kẹt
sad,buồn
implementing,thực thi
fool,lừa gạt
rocking,rung chuyển
played,chơi
official,chính thức
trap,bẩy
extender,người mở rộng
tutorial,hướng dẫn
installers,trình cài đặt
admit,thừa nhận
query,truy vấn
instinct,bản năng
guilty,tội lỗi
factory,nhà máy
vulner,tổn thương
baseline,đường cơ sở
bolting,bắt vít
registerintrude,đăng ký
spots,điểm
tease,trêu chọc
repeater,lặp lại
leverage,tận dụng
abilities,khả năng
strange,lạ lùng
intelligent,thông minh
establish,thành lập
payloads,tải trọng
util,sử dụng
arraylist,lập danh sách
rectly,trực tiếp
expects,mong đợi
selects,chọn
queried,chất vấn
meet,gặp
expected,kỳ vọng
requirement,yêu cầu
battering,vùi dập
peek,nhìn trộm
basevalue,giá trị cơ sở
generators,máy phát điện
extends,kéo dài
applicable,áp dụng
randomly,ngẫu nhiên
iterations,lặp lại
sniper,kẻ bắn tỉa
fussy,kiểu cách
okay,được chứ
designated,chỉ định
mutated,đột biến
void,vô hiệu
counter,ngược lại
decide,quyết định
array,mảng
mutate,biến đổi
mutator,đột biến
calculations,tính toán
arrives,đến
picker,người chọn
rent,thuê
alert,báo động
increment,tăng
tabbed,được lập bảng
mutators,đột biến
repeats,lặp lại
remaining,còn lại
explanatory,giải thích
age,già đi
typos,lỗi chính tả
lever,đòn bẩy
history,môn lịch sử
delimiters,phân định
clicked,nhấp
moving,động
clarity,trong trẻo
managed,quản lý
disclose,tiết lộ
lots,rất nhiều
hostnames,tên máy chủ
ners,lưới
exposed,để lộ ra
insecure,không an toàn
uncommon,không phổ biến
engine,động cơ
menufactory,men sản xuất
swing,lung lay
trouble,sự chịu khó
modifier,bổ nghĩa
yourkey,của bạn
manners,tác phong
scrape,cạo
subdomains,tên miền phụ
ourselves,chính chúng ta
walked,đi bộ
scope,phạm vi
violate,xâm phạm
additions,bổ sung
programmaticall,theo chương trình
createmenuitems,createdemenuitems
hammer,cây búa
scraper,cào
ages,lứa tuổi
clicks,nhấp chuột
render,kết xuất
construct,xây dựng
month,tháng
createmenuitem,createdemenuitem
pasted,dán
authorization,ủy quyền
loads,tải
blackhat,mũ đen
indexed,lập chỉ mục
quoted,trích dẫn
includeinscope,bao gồm các trường hợp
triggered,kích hoạt
issued,cấp
blend,trộn
limits,hạn mức
chose,đã chọn
guessing,đoán
plus,thêm
hurry,vội vàng
memorized,ghi nhớ
friends,bạn
mented,được tinh thần
impress,gây ấn tượng
instances,trường hợp
ticket,vé
enforced,thực thi
worse,tệ hơn
knock,cú đánh
feeds,thức ăn
road,đường bộ
ished,đã bị mất
getresponse,nhận được phản ứng
stripper,vũ vị thoát y
fin,vây
strips,dải
capitalize,viết hoa
round,vòng
retrieves,lấy lại
lowercase,chữ thường
sorted,sắp xếp
mangled,lộn xộn
cut,cắt
alphabetic,chữ cái
remind,nhắc nhở
ripper,đồ tể
exten,denten
tack,vất vả
capitalized,viết hoa
turns,quay
baby,đứa bé
visited,đã đến thăm
demonstrated,chứng minh
showed,cho thấy
updating,cập nhật
universal,phổ cập
asynchronously,không đồng bộ
challenging,thách thức
dent,sứt mẻ
crucial,chủ yếu
enterprises,doanh nghiệp
implants,cấy ghép
implant,cấy ghép
seen,đã xem
money,tiền bạc
bility,tính sinh sản
pairs,cặp
yourusername,tên của bạn
recompile,biên dịch lại
configu,cấu hình
touch,chạm vào
jan,tháng một
ration,khẩu phần
commit,làm
stash,cất
eyes,mắt
sign,ký tên
modular,mô -đun
prying,tò mò
pushed,đẩy
desire,khao khát
future,tương lai
integration,hội nhập
dred,nạo vét
extensibility,khả năng mở rộng
ging,nướu
useable,có thể sử dụng
customize,tùy chỉnh
brainstorm,động não
dictionaries,từ điển
period,giai đoạn = stage
communicating,giao tiếp
authenticating,xác thực
explode,nổ tung
yourpassword,mật khẩu của bạn
recurse,tái phát
someone,người nào
blob,bãi
touches,chạm vào
fullname,họ và tên
finishing,hoàn thiện
picked,chọn
shovel,xẻng
importer,nhà nhập khẩu
disguise,ngụy trang
foil,lá
runner,á hậu
figuration,hình
warn,cảnh báo
improvements,cải tiến
insertions,chèn
massive,to lớn
enhancements,cải tiến
deletions,xóa
rolling,lăn
pulled,kéo
fetch,tìm về
integrate,tích hợp
fast,nhanh
backend,phụ trợ
probability,xác suất
privi,đặc quyền
carefully,cẩn thận
interactive,tương tác
implanted,được cấy
focuses,tập trung
entered,nhập
foreground,vấn đề xung quanh
tidbits,mẩu tin
processid,xử lý id
registering,đăng ký
clipboard,bảng tạm
windll,gió
logger,tiều phu
conversations,cuộc trò chuyện
getforegroundwi,getforgroundwi
usernames,tên người dùng
went,đi
windowname,tên gió
closehandle,đóng tay
pressed,ép
instruct,dạy
wraps,kết thúc
acquire,có được, thu được
chain,xích
height,chiều cao
thankfully,rất may
pixels,điểm ảnh
screenshot,ảnh chụp màn hình
width,chiều rộng
screenshotter,trình chiếu màn hình
bag,túi
fired,bị sa thải
browsed,lút lông
deleteobject,xóa
deletedc,xóa
favor,ủng hộ
dimensions,kích thước
contexts,bối cảnh
viewable,có thể xem
createbitmap,createdbitmap
temp,nhân viên bán thời gian
unleashed,giải phóng
act,hành động
serving,phục vụ
served,phục vụ
encoded,được mã hóa
generating,tạo ra
cast,dàn diễn viên
interacted,tương tác
succession,sự kế thừa
repeatedly,nhiều lần
popped,xuất hiện
interactions,tương tác
booted,khởi động
rudimentary,thô sơ
specimens,mẫu vật
strokes,vuốt ve
tipping,tiền boa
perimeter,chu vi
operator,nhà điều hành
determination,sự quyết tâm
continuous,tiếp diễn
tactic,chiến thuật
thresholds,ngưỡng
milliseconds,mili giây
populates,dân cư
ago,trước kia
elapsed,biến mất
getlastinputinf,getlastinputinfo
implanting,cấy ghép
phishing,lừa đảo
spotting,đốm
likewise,tương tự như vậy
idle,nhàn rỗi
hours,giờ
transmit,chuyển giao
polling,bỏ phiếu
bail,bảo lãnh
happy,sung sướng
threshold,ngưỡng
mum,mẹ
tweak,điều chỉnh
dies,chết
spot,nơi
streaming,phát trực tuyến
worthwhile,đáng giá
randomize,ngẫu nhiên
dying,chết
viously,tài năng
possess,sở hữu
indentation,vết lõm
paranoid,hoang tưởng
modularity,mô -đun
concerned,lo âu
roll,cuộn
innocuous,vô hại
odd,số lẻ
corporate,công ty
serves,phục vụ
ward,khu vực
harvested,thu hoạch
chrome,trình duyệt chrome
embed,nhúng
browsers,trình duyệt
practi,thực hành
decrypt,giải mã
embedding,nhúng
spreadsheet,bảng tính
strains,chủng
millennium,thiên niên kỷ
transactions,giao dịch
chat,trò chuyện
coworkers,đồng nghiệp
variation,sự thay đổi
classic,kinh điển
habit,thói quen
owned,sở hữu
steals,đánh cắp
acting,hành động
reusing,tái sử dụng
authenticate,xác thực
receiver,người nhận
warding,phá
unsuspect,không nghi ngờ
logins,đăng nhập
sneakier,lén hơn
locationurl,vị trí
instantiate,khởi sự
element,thành phần
members,các thành viên
relative,liên quan đến
makings,tạo ra
wily,khôn ngoan
riskier,rủi ro hơn
dispatch,gửi đi
predefined,được xác định trước
collecting,sưu tập
endpoint,điểm cuối
redirected,chuyển hướng
downside,nhược điểm
mitted,kết thúc
waits,chờ đợi
unquote,không đủ điều kiện
sthandler,người đi đường
creds,tín dụng
socketserver,máy chủ lưu trữ
nisms,nism
persistent,kiên trì
spreadsheets,bảng tính
prove,chứng tỏ
timezone,múi giờ
shouldn,không nên
trusted,đáng tin cậy
filesystem,hệ thống tập tin
posting,đăng
fellow,đồng nghiệp
whitelisted,danh sách trắng
pointed,nhọn
voidspace,không gian trống
locale,địa phương
battle,trận đánh
tines,rượu
compress,nén
publickey,khóa công khai
compressing,nén
encrypting,mã hóa
importkey,nhập khẩu
pad,tập giấy
workhorse,công việc
looping,vòng lặp
spaces,không gian
dashboard,bảng điều khiển
ciphertext,bản mã
weird,kỳ quặc
setattribute,setattribution
pesky,phiền hà
signup,đăng ký
disables,tắt
pages,trang
creden,telen
precise,tóm lược
subtle,tế nhị
away,xa
internetexplore,trình duyệt web ie
innerhtml,nội tâm
jot,lối đầu
destroy,hủy hoại
generation,thế hệ
exportkey,xuất khẩu
posted,đăng
handful,một nắm đầy tay
ass,mông
outputs,đầu ra
decrypted,giải mã
thereafter,sau đó
decryptor,người giải mã
pair,đôi
uploaded,tải lên
padded,đệm
decrypting,giải mã
font,nét chữ
elevated,cao
composition,thành phần
leveraged,đòn bẩy
maybe,có lẽ
pocket,túi
cycle,xe đạp
instability,sự bất ổn
acquiring,có được
achieving,đạt được
escalations,leo thang
phished,phục vấn
poorly,kém
harvest,mùa gặt
bat,con dơi
batch,lô hàng
beauty,sắc đẹp, vẻ đẹp
continuously,liên tục
corners,góc
rock,đá
writable,có thể viết
instruc,hướng dẫn
uncovered,không được khám phá
sched,lịch trình
musty,meo
lightweight,nhẹ
injected,tiêm
forwarded,chuyển tiếp
activated,kích hoạt
createprocess,tạo ra quy trình
centralized,tập trung
coworker,đồng nghiệp
mark,dấu
timgolden,tigolden
geared,bánh răng
pipe,đường ống
suggested,đề xuất
tokens,mã thông báo
adapted,thích nghi
participated,tham gia
toward,theo hướng
granted,được cấp
immunityinc,miễn dịch
getowner,người nhận
parentprocessid,cha mẹ
creationdate,ngày thành lập
watcher,người theo dõi
instantiating,khởi tạo
notify,thông báo
intentioned,ý định
fill,lấp đầy
deletion,xóa
tray,cái mâm
updaters,cập nhật
scheduled,lên kế hoạch
notepad,sổ tay
grants,tài trợ
eye,con mắt
bear,con gấu
unload,dỡ tải
climb,leo
fantastic,tuyệt vời
innocently,ngây thơ
exhaustive,toàn diện
tokenprivileges,tokenprovileges
privs,tư nhân
adjusttokenpriv,điều chỉnh
leges,chân
tuples,bộ dữ liệu
instructing,hướng dẫn
priv,riêng tư
rerun,chạy lại
insecurely,không an toàn
outputting,xuất ra
rivilege,đặc quyền
unprivileged,không có đặc quyền
secreateglobalp,bí mật
tracking,theo dõi
deletes,xóa
disclosures,tiết lộ
happening,đang xảy ra
ham,giăm bông
subdirectories,thư mục con
repositories,kho lưu trữ
inventory,kiểm kê
mercial,thương xót
secreateglobal,bí mật
nologo,không có logo
proper,thích hợp
ultimately,cuối cùng
authority,chính quyền
humdrum,ngã ba
modification,sửa đổi
semantics,ngữ nghĩa
renamed,đổi tên
locals,người dân địa phương
rename,đổi tên
admini,quản trị viên
docume,tài liệu
notifies,thông báo
particu,hạt
whereby,theo đó
cry,khóc
gigantic,khổng lồ
compromise,sự thỏa hiệp
injector,người tiêm
expanded,mở rộng
